{"cameraMode":{"drawMode":0,"name":"Shaded","section":"Shading Mode"},"sceneLighting":false,"audioPlay":false,"sceneViewState":{"showFog":true,"showMaterialUpdate":false,"showSkybox":true,"showFlares":true,"showImageEffects":true,"showParticleSystems":true},"in2DMode":false,"pivot":{"x":-3.3485963344573976,"y":-7.196781158447266,"z":13.270532608032227},"rotation":{"x":0.18033245205879212,"y":-0.017876315861940385,"z":0.0032779809553176166,"w":0.9834378361701965},"size":49.912635803222659,"orthographic":false}