{"cameraMode":{"drawMode":0,"name":"Shaded","section":"Shading Mode"},"sceneLighting":true,"audioPlay":false,"sceneViewState":{"showFog":true,"showMaterialUpdate":false,"showSkybox":true,"showFlares":true,"showImageEffects":true,"showParticleSystems":true},"in2DMode":false,"pivot":{"x":106.91392517089844,"y":74.83944702148438,"z":-41.039485931396487},"rotation":{"x":0.20336084067821504,"y":-0.6312007904052734,"z":0.17647002637386323,"w":0.7273845672607422},"size":19.631956100463868,"orthographic":false}